{
  "camera_matrix": {
    "rows": 3,
    "cols": 3,
    "data": [
      669.133572524277,
      0.0,
      644.6575041035627,
      0.0,
      668.4991738454701,
      357.35042165871295,
      0.0,
      0.0,
      1.0
    ]
  },
  "distortion_coefficients": {
    "rows": 1,
    "cols": 5,
    "data": [
      2.5429026134768633,
      6.383228295652393,
      -0.017905860411366402,
      -0.22606290020250722,
      -249.18171047548557
    ]
  },
  "image_width": 1280,
  "image_height": 720,
  "frames_used": 15,
  "board_size": "7x5",
  "calibration_quality": "good"
}